acc_y,acc_z,acc_mag,gyro_x,gyro_y,gyro_z,gyro_mag,log_gyro_mag
0.0,0.0,0.0,0.0,0.0,0.0,0.0,0
4.440782439258506,7.521901117890543,8.894215673215708,7.573132196567032,24.297857859790163,2.1819905792407694,267.90682985635203,5.590639270276928
5.886709422981534,5.756379667009845,8.94016991511728,45.06481600458888,44.527785996420604,32.69598656113871,789.4469728112351,6.671332665906407
